{"_timestamp":1.7593055769862242e+09,"_runtime":1.521469947,"total_loss":51.0218391418457,"trainer/global_step":0,"_step":0,"seg":41.10407257080078,"tv_img":0.014014478772878647,"mse":9.806596755981445,"_wandb":{"runtime":4},"tv_seg":0.09715817868709564}