{"seg":41.10407257080078,"trainer/global_step":0,"_step":0,"tv_seg":0.09715817868709564,"_timestamp":1.7593048516328342e+09,"_runtime":1.718605403,"_wandb":{"runtime":4},"total_loss":51.0218391418457,"tv_img":0.014014478772878647,"mse":9.806596755981445}