{"_runtime":1.655690619,"tv_seg":0.09715817868709564,"mse":9.806596755981445,"seg":41.10407257080078,"_step":0,"trainer/global_step":0,"tv_img":0.014014478772878647,"total_loss":51.0218391418457,"_wandb":{"runtime":4},"_timestamp":1.7593059136663346e+09}