{"tv_img":0.014014478772878647,"mse":9.806596755981445,"seg":41.10407257080078,"_timestamp":1.7593060461994061e+09,"_step":0,"_runtime":1.688277249,"tv_seg":0.09715817868709564,"trainer/global_step":0,"_wandb":{"runtime":4},"total_loss":51.0218391418457}