{"_step":119,"total_loss":1.9419690575450659,"_timestamp":1.754989150919135e+09,"_runtime":37.969832,"_wandb":{"runtime":39}}