{"_runtime":13.407903,"_step":5,"total_loss":0.09182839095592499,"psnr":19.081676483154297,"graph_0":{"_type":"graph-file","sha256":"61fddff0c6de72225834eefc4d18b15b0349ee493a4ade75505b7cd6a49f70c7","size":763,"path":"media/graph/graph_0_summary_61fddff0c6de72225834.graph.json"},"_wandb":{"runtime":16},"pred":{"width":192,"height":174,"format":"png","count":2,"filenames":["media/images/pred_4_8f7c751c78d9bcfd3a78.png","media/images/pred_4_0edb5e3f052983f6fa4a.png"],"captions":["slice: 90","slice: 95"],"_type":"images/separated"},"_timestamp":1.75604178107818e+09}