{"_runtime":15.714917,"ulf_loss":0.10680127143859863,"total_loss":0.17897716164588928,"hf_loss":0.07217589020729065,"graph_0":{"_type":"graph-file","sha256":"1edaa94e2afd1916fabc1adb48c97c563c206854d02f3f350c72308e885417cb","size":763,"path":"media/graph/graph_0_summary_1edaa94e2afd1916fabc.graph.json"},"_wandb":{"runtime":18},"pred":{"_type":"images/separated","width":192,"height":174,"format":"png","count":2,"filenames":["media/images/pred_4_885ef57411d54874f6a6.png","media/images/pred_4_408e39a03d3056b1129a.png"],"captions":["slice: 90","slice: 95"]},"psnr":14.229640007019043,"_timestamp":1.7560306205099368e+09,"_step":5}