{"tv_img":0.014014478772878647,"_runtime":1.617043039,"mse":9.806596755981445,"tv_seg":0.09715817868709564,"_step":0,"_timestamp":1.7593056255654254e+09,"total_loss":51.0218391418457,"_wandb":{"runtime":4},"trainer/global_step":0,"seg":41.10407257080078}