{"_runtime":34.190107,"_step":119,"_wandb":{"runtime":35},"total_loss":2.1397043261677027,"_timestamp":1.754989230566895e+09}