{"_runtime":1.606737153,"seg":41.10407257080078,"trainer/global_step":0,"total_loss":51.0218391418457,"_timestamp":1.7593057743326745e+09,"mse":9.806596755981445,"tv_img":0.014014478772878647,"tv_seg":0.09715817868709564,"_wandb":{"runtime":4},"_step":0}