{"_timestamp":1.7586196465103173e+09,"ssim_lf":0.17007054388523102,"tv_img":0.0029205845203250647,"gradients/network.layers.1.linear.bias":{"_type":"histogram","values":[1,0,0,0,0,0,0,0,0,0,0,0,0,0,0,0,0,0,0,0,0,0,0,0,0,0,0,3,0,0,0,0,0,1,0,0,0,1,0,0,0,0,0,0,0,0,0,0,0,0,0,0,1,0,0,0,0,0,0,0,0,0,0,1],"bins":[-0.8906259536743164,-0.8661488890647888,-0.841671884059906,-0.8171948194503784,-0.7927178144454956,-0.768240749835968,-0.7437637448310852,-0.7192866802215576,-0.6948096752166748,-0.6703326106071472,-0.6458555459976196,-0.6213785409927368,-0.5969014763832092,-0.5724244713783264,-0.5479474067687988,-0.523470401763916,-0.4989933371543884,-0.4745163023471832,-0.450039267539978,-0.4255622327327728,-0.4010851979255676,-0.37660813331604004,-0.35213109850883484,-0.32765406370162964,-0.30317702889442444,-0.27869999408721924,-0.25422295928001404,-0.22974590957164764,-0.20526887476444244,-0.18079183995723724,-0.15631479024887085,-0.13183775544166565,-0.10736072063446045,-0.08288368582725525,-0.05840664356946945,-0.03392960503697395,-0.009452566504478455,0.015024472028017044,0.03950151056051254,0.06397855281829834,0.08845558762550354,0.11293262243270874,0.13740965723991394,0.16188670694828033,0.18636374175548553,0.21084077656269073,0.23531782627105713,0.25979486107826233,0.28427189588546753,0.30874893069267273,0.33322596549987793,0.35770300030708313,0.38218003511428833,0.4066570997238159,0.4311341345310211,0.4556111693382263,0.4800882041454315,0.5045652389526367,0.5290423035621643,0.5535193085670471,0.5779963731765747,0.6024733781814575,0.6269504427909851,0.6514274477958679,0.6759045124053955]},"seg":40.22060775756836,"final_img":{"sha256":"dee3ec932a82e004f22cdfb2c53bc2aca2ea25ea89c32dc73f528af96b084eab","size":118,"path":"media/images/final_img_4_dee3ec932a82e004f22c.png","format":"png","width":218,"height":182,"_type":"image-file"},"_runtime":15.858890618,"_step":5,"total_loss":55.465057373046875,"gradients/network.layers.1.linear.weight":{"values":[1,0,0,0,0,0,0,0,1,0,0,0,0,0,1,0,0,0,0,0,0,1,0,0,1,1,0,1,1,0,0,0,0,1,1,2,1,1,0,4,2,4,5,2,6,4,3,4,3,3,2,0,0,0,1,1,2,1,0,0,1,1,0,1],"bins":[-0.7996212840080261,-0.7810771465301514,-0.7625329494476318,-0.7439887523651123,-0.7254446148872375,-0.7069004774093628,-0.6883562803268433,-0.6698120832443237,-0.651267945766449,-0.6327238082885742,-0.6141796112060547,-0.5956354141235352,-0.5770912766456604,-0.5585471391677856,-0.5400029420852661,-0.5214587450027466,-0.5029146075248718,-0.4843704402446747,-0.46582627296447754,-0.4472821056842804,-0.42873793840408325,-0.4101937711238861,-0.39164960384368896,-0.3731054365634918,-0.3545612692832947,-0.33601710200309753,-0.3174729347229004,-0.29892876744270325,-0.2803846001625061,-0.26184043288230896,-0.24329626560211182,-0.22475209832191467,-0.20620787143707275,-0.1876637041568756,-0.16911953687667847,-0.15057536959648132,-0.13203120231628418,-0.11348703503608704,-0.09494286775588989,-0.07639870047569275,-0.057854533195495605,-0.03931036591529846,-0.02076619863510132,-0.002222031354904175,0.01632213592529297,0.03486630320549011,0.053410470485687256,0.0719546377658844,0.09049880504608154,0.10904297232627869,0.12758713960647583,0.14613130688667297,0.16467547416687012,0.18321964144706726,0.2017638087272644,0.22030797600746155,0.2388521432876587,0.25739631056785583,0.275940477848053,0.2944846451282501,0.31302881240844727,0.3315729796886444,0.35011714696884155,0.3686613142490387,0.38720548152923584],"_type":"histogram"},"pred1_seg":{"_type":"image-file","sha256":"ddabcd96ff3d1122737fb708a009643ec2c1c7e2e585489deb079d2126a61b6a","size":3551,"path":"media/images/pred1_seg_4_ddabcd96ff3d1122737f.png","format":"png","width":218,"height":182},"psnr_lf":8.204586029052734,"trainer/global_step":80,"normalized_psnr_lf":0,"bg_img":{"width":218,"height":182,"_type":"image-file","sha256":"dee3ec932a82e004f22cdfb2c53bc2aca2ea25ea89c32dc73f528af96b084eab","size":118,"path":"media/images/bg_img_4_dee3ec932a82e004f22c.png","format":"png"},"ssim_hf":0.6208044290542603,"mse":15.221555709838867,"RQS":0.10703177750110626,"psnr_hf":16.850439071655273,"tv_seg":0.019972285255789757,"pred2_seg":{"height":182,"_type":"image-file","sha256":"7cfa7b263cdaa71fb70caa5c075f7c66b28cef3b9520c48d38913f9a2133cf39","size":1911,"path":"media/images/pred2_seg_4_7cfa7b263cdaa71fb70c.png","format":"png","width":218},"gradients/network.layers.0.linear.bias":{"bins":[-0.18573448061943054,-0.1822090744972229,-0.17868368327617645,-0.1751582771539688,-0.17163288593292236,-0.16810747981071472,-0.16458207368850708,-0.16105668246746063,-0.157531276345253,-0.15400588512420654,-0.1504804790019989,-0.14695507287979126,-0.1434296816587448,-0.13990427553653717,-0.13637888431549072,-0.13285347819328308,-0.12932807207107544,-0.125802680850029,-0.12227728217840195,-0.1187518760561943,-0.11522647738456726,-0.11170107871294022,-0.10817568004131317,-0.10465028136968613,-0.10112488269805908,-0.09759947657585144,-0.0940740779042244,-0.09054867923259735,-0.0870232805609703,-0.08349788188934326,-0.07997247576713562,-0.07644707709550858,-0.07292167097330093,-0.06939627230167389,-0.06587087363004684,-0.0623454712331295,-0.05882006883621216,-0.055294670164585114,-0.05176927149295807,-0.048243869096040726,-0.04471847042441368,-0.041193071752786636,-0.03766766935586929,-0.03414227068424225,-0.030616870149970055,-0.02709146961569786,-0.023566070944070816,-0.020040670409798622,-0.016515269875526428,-0.012989869341254234,-0.009464469738304615,-0.005939069669693708,-0.002413669601082802,0.0011117304675281048,0.004637130536139011,0.00816253013908863,0.011687930673360825,0.015213331207633018,0.018738731741905212,0.022264130413532257,0.02578953094780445,0.029314931482076645,0.03284033015370369,0.03636573255062103,0.03989113122224808],"_type":"histogram","values":[1,0,0,0,1,0,0,0,0,1,0,0,0,0,0,0,0,0,0,0,0,0,0,0,0,0,0,0,0,0,0,0,0,0,0,0,0,0,0,0,1,0,0,0,0,0,0,0,1,0,0,0,0,0,0,0,0,0,1,1,0,0,0,1]},"gm_img":{"width":218,"height":182,"_type":"image-file","sha256":"dee3ec932a82e004f22cdfb2c53bc2aca2ea25ea89c32dc73f528af96b084eab","size":118,"path":"media/images/gm_img_4_dee3ec932a82e004f22c.png","format":"png"},"wm_img":{"path":"media/images/wm_img_4_dee3ec932a82e004f22c.png","format":"png","width":218,"height":182,"_type":"image-file","sha256":"dee3ec932a82e004f22cdfb2c53bc2aca2ea25ea89c32dc73f528af96b084eab","size":118},"gradients/network.layers.2.bias":{"_type":"histogram","values":[1,0,0,0,0,0,0,0,0,0,0,0,0,0,0,0,0,0,0,0,0,0,0,0,0,0,0,0,0,0,0,0,0,0,0,0,0,0,0,0,0,0,0,1,0,0,0,0,0,0,0,0,1,0,0,0,0,1,0,0,0,0,0,1],"bins":[-3.656172275543213,-3.5721659660339355,-3.488159656524658,-3.40415358543396,-3.3201472759246826,-3.2361409664154053,-3.152134895324707,-3.0681285858154297,-2.9841222763061523,-2.900115966796875,-2.8161096572875977,-2.7321035861968994,-2.648097276687622,-2.5640909671783447,-2.4800848960876465,-2.396078586578369,-2.312072277069092,-2.2280659675598145,-2.144059658050537,-2.060053586959839,-1.9760472774505615,-1.8920409679412842,-1.8080347776412964,-1.7240285873413086,-1.6400222778320312,-1.556015968322754,-1.4720097780227661,-1.3880035877227783,-1.303997278213501,-1.2199909687042236,-1.1359847784042358,-1.051978588104248,-0.9679720401763916,-0.883965790271759,-0.7999595403671265,-0.7159532904624939,-0.6319470405578613,-0.5479407906532288,-0.4639345407485962,-0.3799282908439636,-0.29592204093933105,-0.2119157910346985,-0.12790954113006592,-0.04390329122543335,0.04010295867919922,0.12410920858383179,0.20811545848846436,0.2921217083930969,0.3761279582977295,0.46013420820236206,0.5441404581069946,0.6281467080116272,0.7121529579162598,0.7961592078208923,0.8801654577255249,0.9641717076301575,1.04817795753479,1.1321842670440674,1.2161904573440552,1.300196647644043,1.3842029571533203,1.4682092666625977,1.5522154569625854,1.6362216472625732,1.7202279567718506]},"iou_lf":0.11422479152679443,"_wandb":{"runtime":15},