{"_runtime":16.296279,"_step":5,"total_loss":0.05763184279203415,"psnr":14.903374671936035,"graph_0":{"_type":"graph-file","sha256":"9560a354ada24dc615efea453fcd913d01ac8686e8303801eec9962b07ab06e4","size":763,"path":"media/graph/graph_0_summary_9560a354ada24dc615ef.graph.json"},"_wandb":{"runtime":19},"pred":{"_type":"images/separated","width":192,"height":174,"format":"png","count":2,"filenames":["media/images/pred_4_448976e866de585d22c0.png","media/images/pred_4_1fbd11d88b63a855f6c7.png"],"captions":["slice: 90","slice: 95"]},"_timestamp":1.756043601684563e+09}